set,family_id,verdict,reasons,flip_only,majority_differ,uncertain_band,claude_order_split,p_sym_gpt4o,maj_gpt4o,answered_gpt4o,p_x_missing_gpt4o,band_exact_flip_gpt4o,p_sym_claude46,maj_claude46,answered_claude46,p_x_missing_claude46,band_exact_flip_claude46,p_sym_deepseek_v4,maj_deepseek_v4,answered_deepseek_v4,p_x_missing_deepseek_v4,band_exact_flip_deepseek_v4,source,wave,prior,excluded_wave
pool,ms_30JNVC0ORAI82ICQO3IOSPU2PD8HQU,consensus,,False,False,False,False,0.9999999992363144,x,True,0,False,1.0,x,True,0,False,1.0,x,True,0,False,moral_stories,reserve,norm_negative|clean,False
pool,ms_30X31N5D64O55BJPA1X163MZRK4ASR,consensus,,False,False,False,False,0.999999994957008,x,True,0,False,1.0,x,True,0,False,1.0,x,True,0,False,moral_stories,reserve,norm_negative|clean,False
pool,ms_31HQ4X3T3T8M1UAT7SMRFH2AN1ELS7,consensus,,False,False,False,False,0.9999991936004098,x,True,0,False,1.0,x,True,0,False,1.0,x,True,0,False,moral_stories,reserve,norm_negative|clean,False
pool,ms_31QTRG6Q2UB9O110YQ7NEKZV8O0YP4,consensus,,False,False,False,False,0.999999999498472,x,True,0,False,1.0,x,True,0,False,1.0,x,True,0,False,moral_stories,reserve,norm_negative|clean,False
pool,ms_324G5B4FB46NL01FUW2XM6EQVOA076,consensus,,False,False,False,False,0.868262187135549,x,True,0,False,1.0,x,True,0,False,1.0,x,True,0,False,moral_stories,2a,norm_positive|clean,False
pool,ms_326O153BMJW2TZHJTG4Y7NQQCDBEDE,consensus,,False,False,False,False,0.9999998553315681,x,True,0,False,1.0,x,True,0,False,1.0,x,True,0,False,moral_stories,2a,norm_positive|clean,False
pool,ms_32AT8R96GM7PKKXNG6ES64YT14XUSP,consensus,,False,False,False,False,0.9995247530542952,x,True,0,False,1.0,x,True,0,False,1.0,x,True,0,False,moral_stories,2a,norm_positive|clean,False
pool,ms_32M8BPYGAUKHLOTWRPVXYNRFHY6IG9,consensus,,False,False,False,False,0.9999999972011261,x,True,0,False,1.0,x,True,0,False,1.0,x,True,0,False,moral_stories,reserve,norm_negative|clean,False
pool,ms_32N49TQG3HGLX30T4W26HQ66S3KVAZ,consensus,,False,False,False,False,0.9999999985152589,x,True,0,False,1.0,x,True,0,False,1.0,x,True,0,False,moral_stories,2a,norm_positive|clean,False
pool,ms_3300DTYQT3FWI8LOY2AI7MXPX87EQO,consensus,,False,False,False,False,0.9999999825202552,x,True,0,False,1.0,x,True,0,False,1.0,x,True,0,False,moral_stories,1,norm_positive|clean,False
pool,ms_336KAV9KYRQDWU0UWSWBI7R2XJB2YY,consensus,,False,False,False,False,0.9999999989537511,x,True,0,False,1.0,x,True,0,False,1.0,x,True,0,False,moral_stories,reserve,norm_negative|clean,False
pool,ms_34BBWHLWHB9DIAJW6UZFKQD3BTZIWP,consensus,,False,False,False,False,0.9999999990430657,x,True,0,False,1.0,x,True,0,False,1.0,x,True,0,False,moral_stories,2a,norm_positive|clean,False
pool,ms_34YB12FSQZM3H7JNC4TPQGYWZOBMGD,consensus,,False,False,False,False,0.9999997010923352,x,True,0,False,1.0,x,True,0,False,1.0,x,True,0,False,moral_stories,1,norm_positive|clean,False
pool,ms_352YTHGROWB1DDPSQ6BBPMTXSI6H4L,consensus,,False,False,False,False,0.9999999992136214,x,True,0,False,1.0,x,True,0,False,1.0,x,True,0,False,moral_stories,2a,norm_positive|clean,False
pool,ms_35L9RVQFCPG0UBJ75C2T2QRRSZPHUC,consensus,,False,False,False,False,0.9999999992716103,x,True,0,False,1.0,x,True,0,False,1.0,x,True,0,False,moral_stories,reserve,norm_negative|clean,False
pool,ms_36DSNE9QZ6W18CU0XQT5FXFHL03JOS,consensus,,False,False,False,False,0.9999996041125256,x,True,0,False,1.0,x,True,0,False,1.0,x,True,0,False,moral_stories,2a,norm_positive|clean,False
pool,ms_36PW28KO40U4VSE796DWHMIKS8JEAE,consensus,,False,False,False,False,0.9999999992774135,x,True,0,False,1.0,x,True,0,False,1.0,x,True,0,False,moral_stories,reserve,norm_negative|clean,False
pool,ms_36PW28KO40U4VSE796DWHMIKSRQEAN,consensus,,False,False,False,False,0.9999999917098805,x,True,0,False,1.0,x,True,0,False,1.0,x,True,0,False,moral_stories,reserve,norm_negative|clean,False
pool,ms_36TFCYNS458SBFD2AHDGMXQVKR1XHX,consensus,,False,False,False,False,0.9999999981830742,x,True,0,False,1.0,x,True,0,False,1.0,x,True,0,False,moral_stories,reserve,norm_negative|clean,False
pool,ms_37QW5D2ZRHKRMNQAD3DNACG44PG8SM,consensus,,False,False,False,False,0.9999999958895623,x,True,0,False,1.0,x,True,0,False,1.0,x,True,0,False,moral_stories,reserve,norm_negative|clean,False
pool,ms_388U7OUMF8ZX3JLU3A03RN5QXTM0RA,consensus,,False,False,False,False,0.9999918630355824,x,True,0,False,1.0,x,True,0,False,1.0,x,True,0,False,moral_stories,2a,norm_positive|clean,False
pool,ms_38F71OA9GUUX37NS1KN78VYKX4VMFN,consensus,,False,False,False,False,0.999999977598609,x,True,0,False,1.0,x,True,0,False,1.0,x,True,0,False,moral_stories,reserve,norm_negative|clean,False
pool,ms_39RP059MEIR7QQBCWI1BP57ZI51BMQ,consensus,,False,False,False,False,0.9999999973406759,x,True,0,False,1.0,x,True,0,False,1.0,x,True,0,False,moral_stories,reserve,norm_negative|clean,False
pool,ms_3A7Y0R2P2PMO2L8SYHG1YA6AX3WJXJ,consensus,,False,False,False,False,0.9999999963849855,x,True,0,False,1.0,x,True,0,False,1.0,x,True,0,False,moral_stories,1,norm_positive|clean,False
pool,ms_3AAPLD8UCDFLUY4I57CJXU5P8JXHTV,consensus,,False,False,False,False,0.9999998896458554,x,True,0,False,1.0,x,True,0,False,1.0,x,True,0,False,moral_stories,2a,norm_positive|clean,False
pool,ms_3AMYWKA6YCKPKHFTD7ZG6TAC01NO6A,consensus,,False,False,False,False,0.999999962373801,x,True,0,False,1.0,x,True,0,False,1.0,x,True,0,False,moral_stories,2a,norm_positive|clean,False
pool,ms_3ATTHHXXWBMS7AOMGZV1M9RAKSRXID,consensus,,False,False,False,False,0.9999999470246986,x,True,0,False,1.0,x,True,0,False,1.0,x,True,0,False,moral_stories,reserve,norm_negative|clean,False
pool,ms_3B837J3LDPUX4S56CCJN1TB9T6ERS4,consensus,,False,False,False,False,0.999999993326965,x,True,0,False,1.0,x,True,0,False,1.0,x,True,0,False,moral_stories,1,norm_positive|clean,False
pool,ms_3BEFOD78W7RN5RQ3H3ROHR1T8BDM4K,consensus,,False,False,False,False,0.999999996253347,x,True,0,False,1.0,x,True,0,False,1.0,x,True,0,False,moral_stories,1,norm_negative|clean,False
pool,ms_3CTOC39K38OUN621G4C34BTMVHFJ70,consensus,,False,False,False,False,0.9999999891753535,x,True,0,False,1.0,x,True,0,False,1.0,x,True,0,False,moral_stories,reserve,norm_negative|clean,False
pool,ms_3DUZQ9U6SNMPXZMNLWOX2Q0CEHJVS3,consensus,,False,False,False,False,0.99999999396416,x,True,0,False,1.0,x,True,0,False,1.0,x,True,0,False,moral_stories,1,norm_negative|clean,False
pool,ms_3DUZQ9U6SNMPXZMNLWOX2Q0CFTWVS5,consensus,,False,False,False,False,0.9999999995112537,x,True,0,False,1.0,x,True,0,False,1.0,x,True,0,False,moral_stories,reserve,norm_negative|clean,False
pool,ms_3DYGAII7PM60FZAE7GQT1YWTAHOQP3,consensus,,False,False,False,False,0.9899707487755482,x,True,0,False,1.0,x,True,0,False,1.0,x,True,0,False,moral_stories,reserve,norm_negative|clean,False
pool,ms_3EG49X351VACEQTLEYMCP615B7L6XT,consensus,,False,False,False,False,0.9999999965726298,x,True,0,False,1.0,x,True,0,False,1.0,x,True,0,False,moral_stories,reserve,norm_negative|clean,False
pool,ms_3EG49X351VACEQTLEYMCP615BCMX6V,consensus,,False,False,False,False,0.9999999933448843,x,True,0,False,1.0,x,True,0,False,1.0,x,True,0,False,moral_stories,reserve,norm_negative|clean,False
pool,ms_3EJPLAJKENE1JLT0FGAXMRHGJ196Z4,consensus,,False,False,False,False,0.9999999991652929,x,True,0,False,1.0,x,True,0,False,1.0,x,True,0,False,moral_stories,1,norm_negative|clean,False
pool,ms_3F6KKYWMNCZ6N5UWMF7HXAKZRDGNDX,consensus,,False,False,False,False,0.9999999985585063,x,True,0,False,1.0,x,True,0,False,1.0,x,True,0,False,moral_stories,reserve,norm_negative|clean,False
pool,ms_3FE2ERCCZY6XUNXYS3YPCT1TV3YPOW,consensus,,False,False,False,False,0.9999999988732644,x,True,0,False,1.0,x,True,0,False,1.0,x,True,0,False,moral_stories,reserve,norm_negative|clean,False
pool,ms_3G0WWMR1UWI0CEY1R1D1X9RY9K3NQJ,consensus,,False,False,False,False,0.9999999994747438,x,True,0,False,1.0,x,True,0,False,1.0,x,True,0,False,moral_stories,reserve,norm_negative|clean,False
pool,ms_3GDTJDAPVV9OOSD5T6H1Y3HYC3O8M6,consensus,,False,False,False,False,0.999999997039923,x,True,0,False,1.0,x,True,0,False,1.0,x,True,0,False,moral_stories,reserve,norm_negative|clean,False
pool,ms_3HMIGG0U4M4OI92JC95CSY45JZ78Y7,consensus,,False,False,False,False,0.9999990063232185,x,True,0,False,1.0,x,True,0,False,1.0,x,True,0,False,moral_stories,2a,norm_positive|clean,False
pool,ms_3HUTX6F6VVL12GWSQ5NDGGT0J3D2OC,consensus,,False,False,False,False,0.996402924549958,x,True,0,False,1.0,x,True,0,False,1.0,x,True,0,False,moral_stories,reserve,norm_negative|clean,False
pool,ms_3HVVDCPGTFQ7GTU7F7G7JU0SYSUTYG,consensus,,False,False,False,False,0.9999999952350436,x,True,0,False,1.0,x,True,0,False,1.0,x,True,0,False,moral_stories,reserve,norm_negative|clean,False
pool,ms_3IQ1VMJRYUIN0WNQ1VXAP8H92C49A3,consensus,,False,False,False,False,0.9999999974843392,x,True,0,False,1.0,x,True,0,False,1.0,x,True,0,False,moral_stories,reserve,norm_negative|clean,False
pool,ms_3JAOYWH7VJ24WFEUYMM0YMXKU1M9LS,consensus,,False,False,False,False,0.999999958627898,x,True,0,False,1.0,x,True,0,False,1.0,x,True,0,False,moral_stories,reserve,norm_negative|clean,False
pool,ms_3JAOYWH7VJ24WFEUYMM0YMXKWOLL9F,consensus,,False,False,False,False,0.9999999984495449,x,True,0,False,1.0,x,True,0,False,1.0,x,True,0,False,moral_stories,2a,norm_positive|clean,False
pool,ms_3JV9LGBJWUCRHA4ZPK82IKN1UWQOGA,consensus,,False,False,False,False,0.999999898556852,x,True,0,False,1.0,x,True,0,False,1.0,x,True,0,False,moral_stories,2a,norm_positive|clean,False
pool,ms_3JZQSN0I3R8XBXR6QHPCVQEN2L8GF5,consensus,,False,False,False,False,0.9999964451547976,x,True,0,False,1.0,x,True,0,False,1.0,x,True,0,False,moral_stories,1,norm_positive|clean,False
pool,ms_3K772S5NP99J5FMLFCNOY85O4CIEHF,consensus,,False,False,False,False,0.9999999125598955,x,True,0,False,1.0,x,True,0,False,1.0,x,True,0,False,moral_stories,reserve,norm_negative|clean,False
pool,ms_3KB8R4ZV1F57YGFQLF3GC0N2NUOGB9,consensus,,False,False,False,False,0.9999999933326729,x,True,0,False,1.0,x,True,0,False,1.0,x,True,0,False,moral_stories,reserve,norm_negative|clean,False
pool,ms_3L6L49WXW1VPXK5XP4A20PQ7M6O54U,contested,majority_differ,False,True,False,False,0.9896987775756915,x,True,0,False,0.0,y,True,0,False,0.0,y,True,0,False,moral_stories,2a,norm_positive|clean,False
pool,ms_3M23Y66PO354I97MKOGPQYKDW28S6G,consensus,,False,False,False,False,0.9999999854335755,x,True,0,False,1.0,x,True,0,False,1.0,x,True,0,False,moral_stories,reserve,norm_negative|clean,False
pool,ms_3NG53N1RLWHU9VAILM9TF7BTFRA8PD,contested,"majority_differ,uncertain_band",False,True,True,False,0.6310061270641403,x,True,0,False,0.0,y,True,0,False,0.0,y,True,0,False,moral_stories,2a,norm_positive|clean,False
pool,ms_3NPI0JQDAP3D7F26OKKO637GVI4TPQ,consensus,,False,False,False,False,0.9999999981506923,x,True,0,False,1.0,x,True,0,False,1.0,x,True,0,False,moral_stories,reserve,norm_negative|clean,False
pool,ms_3NXNZ5RS1BV5HUPSUSLQFHFJYS779S,consensus,,False,False,False,False,0.999999989445936,x,True,0,False,1.0,x,True,0,False,1.0,x,True,0,False,moral_stories,reserve,norm_negative|clean,False
pool,ms_3OWEPKL08AAQ6WTMV24VXIA36GL7NP,consensus,,False,False,False,False,0.9999999983153165,x,True,0,False,1.0,x,True,0,False,1.0,x,True,0,False,moral_stories,2a,norm_positive|clean,False
pool,ms_3PMBY0YE281BTBKOL9T1V37X1UKC9W,consensus,,False,False,False,False,0.999999992985622,x,True,0,False,1.0,x,True,0,False,1.0,x,True,0,False,moral_stories,reserve,norm_negative|clean,False
pool,ms_3Q5C1WP23NZ85L8E2MR02RJ4BOC15G,consensus,,False,False,False,False,0.9999999974672862,x,True,0,False,1.0,x,True,0,False,1.0,x,True,0,False,moral_stories,reserve,norm_negative|clean,False
pool,ms_3QFUFYSY9ZDHZHYMVGNBM1HKD6T4FH,consensus,,False,False,False,False,0.9999843975935458,x,True,0,False,1.0,x,True,0,False,1.0,x,True,0,False,moral_stories,reserve,norm_negative|clean,False
pool,ms_3QRYMNZ7FZFD4UQT857W2E2LV9PTNS,consensus,,False,False,False,False,0.9999999963705101,x,True,0,False,1.0,x,True,0,False,1.0,x,True,0,False,moral_stories,reserve,norm_negative|clean,False
pool,ms_3QXNC7EIPJTRZJP89T0H025WT8M09X,consensus,,False,False,False,False,0.9999999959832606,x,True,0,False,1.0,x,True,0,False,1.0,x,True,0,False,moral_stories,reserve,norm_negative|clean,False
pool,ms_3R3YRB5GRG1LKOBTZ6S1L44NF4YAUT,consensus,,False,False,False,False,0.9999999870101565,x,True,0,False,1.0,x,True,0,False,1.0,x,True,0,False,moral_stories,reserve,norm_negative|clean,False
pool,ms_3R8YZBNQ9IGB9T6EBUWC1C589D67QG,consensus,,False,False,False,False,0.9925003114151841,x,True,0,False,1.0,x,True,0,False,1.0,x,True,0,False,moral_stories,reserve,norm_negative|clean,False
pool,ms_3RRCEFRB7NARM0M6QE1F3BQZYDDB4S,consensus,,False,False,False,False,0.9999999880426123,x,True,0,False,1.0,x,True,0,False,1.0,x,True,0,False,moral_stories,reserve,norm_negative|clean,False
pool,ms_3RSDURM96BK5RACAPCRCK80RU2EYE5,contested,uncertain_band,True,False,True,False,0.9952198972086688,x,True,0,False,1.0,x,True,0,False,0.5,,True,0,True,moral_stories,reserve,norm_negative|clean,False
pool,ms_3TESA3PJ32839HF9N7RK3LITU8SMML,consensus,,False,False,False,False,0.9918336620559136,x,True,0,False,1.0,x,True,0,False,1.0,x,True,0,False,moral_stories,reserve,norm_negative|clean,False
pool,ms_3UNH76FOCT333Y4N6AFVXG505QMYML,consensus,,False,False,False,False,0.9999990522264086,x,True,0,False,1.0,x,True,0,False,1.0,x,True,0,False,moral_stories,2a,norm_positive|clean,False
pool,ms_3VAR3R6G1QZCOVYH6MWEQ7636SDO8O,contested,"majority_differ,uncertain_band",False,True,True,False,0.4586176679321325,y,True,0,False,1.0,x,True,0,False,0.0,y,True,0,False,moral_stories,1,norm_positive|clean,False
pool,ms_3VJ40NV2QJLVMFQ59K79H32QJ8GOT0,consensus,,False,False,False,False,0.9999999951388026,x,True,0,False,1.0,x,True,0,False,1.0,x,True,0,False,moral_stories,2a,norm_positive|clean,False
pool,ms_3VW04L3ZLU4PX5DHFLV2PJEP8ZCXXI,consensus,,False,False,False,False,0.9999999925681224,x,True,0,False,1.0,x,True,0,False,1.0,x,True,0,False,moral_stories,reserve,norm_negative|clean,False
pool,ms_3WI0P0II62QR23MOFMOY6UP9S2FRDJ,consensus,,False,False,False,False,0.9999999970010539,x,True,0,False,1.0,x,True,0,False,1.0,x,True,0,False,moral_stories,reserve,norm_negative|clean,False
pool,ms_3X31TUMD7YKM7ABZU977JGF1XMDL15,consensus,,False,False,False,False,0.9999999980121673,x,True,0,False,1.0,x,True,0,False,1.0,x,True,0,False,moral_stories,2a,norm_positive|clean,False
pool,ms_3Y4W8Q93L0IJVA35O6T87RECCL8DV3,consensus,,False,False,False,False,0.9998214875116205,x,True,0,False,1.0,x,True,0,False,1.0,x,True,0,False,moral_stories,reserve,norm_negative|clean,False
pool,ms_3Y5140Z9DYENY1MVU8LKSW57ITWPIV,consensus,,False,False,False,False,0.9999999965872192,x,True,0,False,1.0,x,True,0,False,1.0,x,True,0,False,moral_stories,reserve,norm_negative|clean,False
pool,ms_3Y54SXRO1MJQZKA256JIG9UF1HZUTO,consensus,,False,False,False,False,0.9999999986238006,x,True,0,False,1.0,x,True,0,False,1.0,x,True,0,False,moral_stories,reserve,norm_negative|clean,False
pool,ms_3YJ6NA41JCEJTC61CQ6K4XK7VEIPJG,consensus,,False,False,False,False,0.9999955744793254,x,True,0,False,1.0,x,True,0,False,1.0,x,True,0,False,moral_stories,reserve,norm_negative|clean,False
pool,ms_3YJ6NA41JCEJTC61CQ6K4XK7X55PJN,consensus,,False,False,False,False,0.9999999938875324,x,True,0,False,1.0,x,True,0,False,1.0,x,True,0,False,moral_stories,2a,norm_positive|clean,False
pool,ms_3YWRV122CTX710IE288NPDYSPSXU8W,consensus,,False,False,False,False,0.999999991031238,x,True,0,False,1.0,x,True,0,False,1.0,x,True,0,False,moral_stories,reserve,norm_negative|clean,False
pool,ms_3Z4GS9HPNW813B1ZFVN61LOD5D877T,consensus,,False,False,False,False,0.9999999976257058,x,True,0,False,1.0,x,True,0,False,1.0,x,True,0,False,moral_stories,reserve,norm_negative|clean,False
pool,ms_3Z7VU45IPZF6CZS39AYGRVQZCDGZ1X,contested,majority_differ,False,True,False,False,0.9778657921828524,x,True,0,False,1.0,x,True,0,False,0.0,y,True,0,False,moral_stories,reserve,norm_negative|clean,False
pool,ms_3Z9WI9EOZ0MMRFEVBYYRW3ITO07KHG,consensus,,False,False,False,False,0.9999643266579097,x,True,0,False,1.0,x,True,0,False,1.0,x,True,0,False,moral_stories,2a,norm_positive|clean,False
pool,ms_3ZGVPD4G6UF7LJ4CBTIQX19U5AFTZ1,consensus,,False,False,False,False,0.9999999884709726,x,True,0,False,1.0,x,True,0,False,1.0,x,True,0,False,moral_stories,2a,norm_positive|clean,False
