prompt_id,variant,order,mass_AB,top1,p_logit_A,n_samples,n_answer,freq_A,abs_diff,noise_floor
dd_0310.T0.o1,T0,1,0.8548075625901532, B,0.053403190832778086,200,175,0.05142857142857143,0.001974619404206658,0.013612077560595692
dd_0310.T0.o2,T0,2,0.8600840654614501, A,0.9399130188727056,200,176,0.9545454545454546,0.014632435672748967,0.014355920029845336
dd_0310.T1.o1,T1,1,0.8759118615017769, B,0.07585800354247355,200,180,0.08888888888888889,0.013030885346415347,0.0157910756638207
dd_0310.T1.o2,T1,2,0.87635164505582, A,0.9241415641747639,200,182,0.9560439560439561,0.03190239186919219,0.015660829836971344
dd_0310.T3.o1,T3,1,0.8795782459414951, B,0.04742575876282589,200,183,0.0546448087431694,0.007219049980343506,0.01258210795318233
dd_0310.T3.o2,T3,2,0.8840962427709655, A,0.9324531306109393,200,183,0.9344262295081968,0.001973098897257497,0.014849755496225895
dd_0310.T5.o1,T5,1,0.8600463182427518, B,0.09534933031860533,200,178,0.11235955056179775,0.017010220243192417,0.017492884726990374
dd_0310.T5.o2,T5,2,0.8665088214565344, A,0.777299354067664,200,179,0.7932960893854749,0.015996735317810873,0.02480452273640579
dd_0310.T6.o1,T6,1,0.8620211865472953, B,0.0758580932296962,200,178,0.10112359550561797,0.02526550227592178,0.015894743879562637
dd_0310.T6.o2,T6,2,0.8662229353763564, A,0.8175739237948697,200,179,0.8212290502793296,0.0036551264844598697,0.023067959206795226
dd_0722.T0.o1,T0,1,0.8830970002100571, A,0.8807967625554028,200,179,0.9106145251396648,0.029817762584261942,0.019361953296762827
dd_0722.T0.o2,T0,2,0.8754386280837423, B,0.18242529504537836,200,181,0.1878453038674033,0.005420008822024952,0.022851545001497452
dd_0722.T1.o1,T1,1,0.8871599202467451, A,0.7772993580535931,200,181,0.7900552486187845,0.012755890565191441,0.024704619147327574
dd_0722.T1.o2,T1,2,0.8938653564276251, B,0.43782288967206634,200,179,0.441340782122905,0.0035178924508386666,0.029623011561256178
dd_0722.T3.o1,T3,1,0.8997597219548652, A,0.7310581466111636,200,182,0.7527472527472527,0.021689106136089098,0.02619388317080676
dd_0722.T3.o2,T3,2,0.8853220929393046, B,0.320820870998688,200,182,0.32967032967032966,0.008849458671641663,0.027644935235833154
dd_0722.T5.o1,T5,1,0.8850683480559667, A,0.7772996300156619,200,181,0.8176795580110497,0.04037992799538781,0.024704600963149227
dd_0722.T5.o2,T5,2,0.8930782758551459, B,0.437822979038544,200,180,0.4444444444444444,0.006621465405900417,0.029514401799317268
dd_0722.T6.o1,T6,1,0.8791615927650014, A,0.4999994567132325,200,182,0.489010989010989,0.010988467702243487,0.029531009160296592
dd_0722.T6.o2,T6,2,0.8704824320077478, A,0.6224587665655055,200,180,0.5555555555555556,0.06690321100994989,0.028800249066440492
dd_1057.T0.o1,T0,1,0.8035189201098092, B,0.43782259215409475,200,173,0.37572254335260113,0.06210004880149361,0.030118635415036635
dd_1057.T0.o2,T0,2,0.8641794654741943, A,0.6791779798604245,200,184,0.6086956521739131,0.07048232768651141,0.027422862573316713
dd_1057.T1.o1,T1,1,0.8681400580466061, A,0.6224586060039486,200,184,0.6141304347826086,0.008328171221339997,0.028554759405686164
dd_1057.T1.o2,T1,2,0.8811914031599599, B,0.43782293925336835,200,186,0.5,0.06217706074663165,0.029062915354391018
dd_1057.T3.o1,T3,1,0.8968392383696937, B,0.43782302523580086,200,187,0.49732620320855614,0.05950317797275528,0.02894249024418886
dd_1057.T3.o2,T3,2,0.9004196180983968, B,0.4378229704715045,200,186,0.3817204301075269,0.056102540363977604,0.029062915822929726
dd_1057.T5.o1,T5,1,0.8743785563272013, A,0.73105810599336,200,182,0.7527472527472527,0.021689146753892774,0.026193881999990495
dd_1057.T5.o2,T5,2,0.8863092090079476, B,0.43782271847118476,200,183,0.453551912568306,0.015729194097121257,0.029255612421194357
dd_1057.T6.o1,T6,1,0.9012448848704366, B,0.22269965118712556,200,186,0.1881720430107527,0.034527608176372876,0.024381069149856983
dd_1057.T6.o2,T6,2,0.885301676557674, A,0.7310579351855214,200,183,0.7540983606557377,0.02304042547021623,0.02616578857772764
dd_1200.T0.o1,T0,1,0.8196665750416514, A,0.7772986713118419,200,177,0.8135593220338984,0.03626065072205642,0.024995135468922243
dd_1200.T0.o2,T0,2,0.8433272683675455, B,0.3208202976067915,200,174,0.3735632183908046,0.0527429207840131,0.02824088443237025
dd_1200.T1.o1,T1,1,0.8469747768699563, A,0.8354827666168297,200,175,0.8628571428571429,0.027374376240313136,0.022371582854359483
dd_1200.T1.o2,T1,2,0.8579661977811384, B,0.32082055215566774,200,177,0.327683615819209,0.00686306366354128,0.028008716269240487
dd_1200.T3.o1,T3,1,0.8487714824408386, A,0.6224585510803538,200,178,0.6235955056179775,0.0011369545376237467,0.029003018752979844
dd_1200.T3.o2,T3,2,0.8463932069619204, B,0.37754002811091786,200,177,0.3728813559322034,0.0046586721787144625,0.02907907801288233
dd_1200.T5.o1,T5,1,0.8117278932579666, A,0.8354828689261216,200,172,0.8313953488372093,0.004087520088912222,0.02258622248925953
dd_1200.T5.o2,T5,2,0.8484240075382559, B,0.3775395773801977,200,181,0.3259668508287293,0.05157272655146844,0.028782157540757587
dd_1200.T6.o1,T6,1,0.8194842097618675, A,0.6224582546079995,200,174,0.6264367816091954,0.003978527001195831,0.0293533520946145
dd_1200.T6.o2,T6,2,0.859758173133855, B,0.499999284762936,200,179,0.49162011173184356,0.008379173031092424,0.02986002064347759
dd_1285.T0.o1,T0,1,0.8977940027632343, A,0.9399132590853682,200,186,0.9623655913978495,0.022452332312481338,0.013894374690243167
dd_1285.T0.o2,T0,2,0.8836853287123176, B,0.0758581129950353,200,184,0.08695652173913043,0.011098408744095137,0.015505247287972979
dd_1285.T1.o1,T1,1,0.9134193105103918, A,0.8933092440052292,200,188,0.9148936170212766,0.02158437301604743,0.01791656032329231
dd_1285.T1.o2,T1,2,0.8974147425547514, B,0.0675466158099175,200,191,0.06282722513089005,0.004719390679027449,0.014449069906263143
dd_1285.T3.o1,T3,1,0.9144297561111046, A,0.8519525107438013,200,192,0.84375,0.008202510743801295,0.020491864739490603
dd_1285.T3.o2,T3,2,0.9138590752706008, B,0.06754661704754851,200,191,0.07329842931937172,0.005751812271823212,0.014449069915078838
dd_1285.T5.o1,T5,1,0.8761932664447727, A,0.9399132536573483,200,180,0.9555555555555556,0.015642301898207256,0.014129275341906361
dd_1285.T5.o2,T5,2,0.899580530010951, B,0.0474258472336554,200,192,0.057291666666666664,0.009865819433011264,0.01219267234240796
dd_1285.T6.o1,T6,1,0.8945279780253372, A,0.7772994917301297,200,184,0.7880434782608695,0.010743986530739824,0.024428720198099226
dd_1285.T6.o2,T6,2,0.8754419692564284, B,0.18242532703515385,200,181,0.1878453038674033,0.005419976832249457,0.02285154891567008
dd_1862.T0.o1,T0,1,0.8012989413331866, A,0.6513544384764761,200,167,0.6646706586826348,0.013316220206158635,0.029440077227552167
dd_1862.T0.o2,T0,2,0.8033104921668155, B,0.43782274004212346,200,172,0.37209302325581395,0.06572971678630951,0.030213793528221837
dd_1862.T1.o1,T1,1,0.817857871794331, A,0.6513540127480854,200,163,0.656441717791411,0.005087705043325674,0.029786718597978965
dd_1862.T1.o2,T1,2,0.7622185393354357, B,0.4999989850090018,200,163,0.4785276073619632,0.021471377647038603,0.031295533189039555
dd_1862.T3.o1,T3,1,0.8266328647328578, A,0.5926659418068039,200,172,0.5988372093023255,0.0061712674955216595,0.02986733402972161
dd_1862.T3.o2,T3,2,0.8010664206121874, B,0.3775397457560293,200,170,0.3176470588235294,0.05989268693249988,0.029673418259331858
dd_1862.T5.o1,T5,1,0.8676800055881131, A,0.731057997068192,200,175,0.6857142857142857,0.045343711353906246,0.02671549513647426
dd_1862.T5.o2,T5,2,0.8474477245404728, B,0.4073327325512523,200,169,0.46745562130177515,0.06012288875052285,0.03015937912193739
dd_1862.T6.o1,T6,1,0.8327832309608993, B,0.3486446444813025,200,171,0.3742690058479532,0.025624361366650694,0.02911671420426073
dd_1862.T6.o2,T6,2,0.8351448590947257, A,0.6513540757496528,200,172,0.6569767441860465,0.005622668436393696,0.028955939942694214
dd_2732.T0.o1,T0,1,0.8904429566641312, B,0.02931215025134667,200,189,0.010582010582010581,0.01873013966933609,0.009869200652174833
dd_2732.T0.o2,T0,2,0.876065676906876, A,0.8519523422319031,200,178,0.8932584269662921,0.041306084734389015,0.021278151155954016
dd_2732.T1.o1,T1,1,0.9279496560083587, B,0.029312174268610394,200,196,0.01020408163265306,0.019108092635957336,0.00963974422912748
dd_2732.T1.o2,T1,2,0.926065414336108, A,0.8807968863343613,200,191,0.8848167539267016,0.004019867592340298,0.01872090803096338
dd_2732.T3.o1,T3,1,0.9181838282337473, B,0.0373268259008711,200,197,0.04060913705583756,0.0032823111549664594,0.010826576522568108
dd_2732.T3.o2,T3,2,0.878302807496766, A,0.8175741952725929,200,192,0.8125,0.005074195272592896,0.02219271641202012
dd_2732.T5.o1,T5,1,0.9174725648090458, B,0.02931218085533979,200,194,0.015463917525773196,0.013848263329566592,0.009711480395098733
dd_2732.T5.o2,T5,2,0.884892293584727, A,0.8175742375254829,200,186,0.8118279569892473,0.005746280536235604,0.02256230527462995
dd_2732.T6.o1,T6,1,0.9105866511542189, B,0.0534032569409773,200,194,0.05670103092783505,0.003297773986857752,0.012926545889142821
dd_2732.T6.o2,T6,2,0.8953921700382921, A,0.8175742243440124,200,192,0.8229166666666666,0.0053424423226542395,0.02219271298677955
dd_3429.T0.o1,T0,1,0.8751470369725709, B,0.02297732569186857,200,190,0.010526315789473684,0.012451009902394885,0.008740854890124649
dd_3429.T0.o2,T0,2,0.8589112657460731, A,0.9399132278074417,200,176,0.9545454545454546,0.014632226738012899,0.014355900664827469
dd_3429.T1.o1,T1,1,0.9283572609358259, B,0.0159063772358731,200,194,0.005154639175257732,0.01075173806061537,0.007063362500226614
dd_3429.T1.o2,T1,2,0.9062606884244104, A,0.9579121946608249,200,187,0.9732620320855615,0.015349837424736612,0.011680249633672375
dd_3429.T3.o1,T3,1,0.9284554313106241, B,0.029312189728316264,200,197,0.01015228426395939,0.019159905464356874,0.009602135807907376
dd_3429.T3.o2,T3,2,0.9272080431725271, A,0.9399131911981434,200,195,0.9538461538461539,0.013932962648010472,0.013607551101932356
dd_3429.T5.o1,T5,1,0.9271502323885628, B,0.03308593203263274,200,193,0.02072538860103627,0.012360543431596472,0.010334368368031428
dd_3429.T5.o2,T5,2,0.8835539559138965, A,0.9149007669803818,200,181,0.9337016574585635,0.018800890478181675,0.016599011797027864
dd_3429.T6.o1,T6,1,0.9182220069137372, B,0.029312188682624217,200,193,0.015544041450777202,0.013768147231847015,0.009745551832269007
dd_3429.T6.o2,T6,2,0.884723040953105, A,0.9241416953075111,200,180,0.9388888888888889,0.014747193581377771,0.01579109395716865
dd_4744.T0.o1,T0,1,0.8498637209218032, A,0.5621759542449026,200,180,0.5555555555555556,0.006620398689347051,0.029514370325853787
dd_4744.T0.o2,T0,2,0.8587410471579915, B,0.4999994567131699,200,178,0.4887640449438202,0.011235411769349724,0.02986005309095102
dd_4744.T1.o1,T1,1,0.8901006690238233, B,0.09534933035766767,200,183,0.11475409836065574,0.01940476800298807,0.017374762877238006
dd_4744.T1.o2,T1,2,0.8940741253429678, A,0.7772995269488996,200,184,0.7880434782608695,0.010743951311969924,0.024428721190085788
dd_4744.T3.o1,T3,1,0.9278721518854809, B,0.09534939604442914,200,192,0.10416666666666667,0.008817270622237527,0.016942331861096834
dd_4744.T3.o2,T3,2,0.9052307581409877, A,0.6791783995758376,200,190,0.7473684210526316,0.06819002147679398,0.02699129480323888
dd_4744.T5.o1,T5,1,0.8997211718987899, B,0.18242532742236808,200,190,0.15263157894736842,0.02979374847499966,0.02238733891708103
dd_4744.T5.o2,T5,2,0.8847895242148525, A,0.6791783643705976,200,183,0.6939890710382514,0.014810706667653717,0.02755811854244723
dd_4744.T6.o1,T6,1,0.931496621908785, B,0.05340327392259425,200,194,0.05670103092783505,0.0032977570052407992,0.012926548435360303
dd_4744.T6.o2,T6,2,0.9178028977731287, A,0.8175742806996419,200,191,0.8167539267015707,0.0008203539980712327,0.022292505187937593
dd_4927.T0.o1,T0,1,0.8463054370076861, B,0.2226996583252201,200,182,0.23626373626373626,0.013564077938516161,0.024650477002932634
dd_4927.T0.o2,T0,2,0.8385023120303288, A,0.8519525664596486,200,175,0.9142857142857143,0.062333147826065693,0.021390422428380206
dd_4927.T1.o1,T1,1,0.8934222678093704, B,0.18242530001832719,200,191,0.1518324607329843,0.0305928392853429,0.0222925067983945
dd_4927.T1.o2,T1,2,0.8735388262250581, A,0.8519526138135817,200,179,0.888268156424581,0.03631554261099934,0.02122879174725139
dd_4927.T3.o1,T3,1,0.9256504468309856, B,0.10669050020637365,200,195,0.12307692307692308,0.016386422870549436,0.017642876840144237
dd_4927.T3.o2,T3,2,0.8739638083364838, A,0.880796951137489,200,181,0.9116022099447514,0.03080525880726237,0.0192651180450512
dd_4927.T5.o1,T5,1,0.9043807570021158, B,0.37754032810948024,200,188,0.3776595744680851,0.0001192463586048853,0.028176015545788108
dd_4927.T5.o2,T5,2,0.8735718160970123, A,0.817574170253941,200,180,0.7555555555555555,0.06201861469838543,0.022965289052302943
dd_4927.T6.o1,T6,1,0.902170748059433, B,0.14804705905442084,200,192,0.15104166666666666,0.00299460761224582,0.0204918349035811
dd_4927.T6.o2,T6,2,0.8397789404661751, A,0.880796917659566,200,175,0.9142857142857143,0.03348879662614823,0.01952833578710092
dd_5499.T0.o1,T0,1,0.8580211021779007, A,0.9525738609615316,200,174,0.9655172413793104,0.01294338041777876,0.012879147278881025
dd_5499.T0.o2,T0,2,0.8746559956688316, B,0.08509884323762815,200,184,0.08695652173913043,0.0018576785015022856,0.01645397610223308
dd_5499.T1.o1,T1,1,0.8920733955165758, A,0.9324531052243872,200,176,0.9375,0.00504689477561282,0.015055848592032838
dd_5499.T1.o2,T1,2,0.9107046504621366, B,0.08509889366361141,200,189,0.10052910052910052,0.015430206865489113,0.016151514252439415
dd_5499.T3.o1,T3,1,0.8612515024963443, A,0.9046503457681383,200,180,0.9388888888888889,0.034238543120750586,0.01745702755720968
dd_5499.T3.o2,T3,2,0.8998241903397286, B,0.07585809103544269,200,191,0.08376963350785341,0.007911542472410715,0.015340209826762874
dd_5499.T5.o1,T5,1,0.8887438315732226, A,0.9465965587396789,200,182,0.9615384615384616,0.014941902798782714,0.01333012521976391
dd_5499.T5.o2,T5,2,0.9113765892266983, B,0.09534932912541207,200,191,0.1099476439790576,0.01459831485364553,0.016963083866301566
dd_5499.T6.o1,T6,1,0.8564088414090065, A,0.8933091640075395,200,178,0.9101123595505618,0.016803195543022342,0.018385698043465085
dd_5499.T6.o2,T6,2,0.8725049792579966, B,0.1480468334174478,200,178,0.1404494382022472,0.007597395215200586,0.021278081685164714
dd_6137.T0.o1,T0,1,0.9021424084099863, B,0.2689408163068393,200,186,0.3225806451612903,0.05363982885445101,0.02590158085732315
dd_6137.T0.o2,T0,2,0.9214506985324533, A,0.4999988498652672,200,192,0.4947916666666667,0.005207183198600529,0.028753781300075408
dd_6137.T1.o1,T1,1,0.888867414516028, B,0.22269965644154155,200,184,0.22826086956521738,0.005561213123675829,0.024428744182014097
dd_6137.T1.o2,T1,2,0.903885149122857, B,0.43782259749334074,200,184,0.45108695652173914,0.013264359028398398,0.029221085793205995
dd_6137.T3.o1,T3,1,0.9135719015682753, B,0.1824251928495785,200,187,0.22459893048128343,0.04217373763170493,0.02251658381605819
dd_6137.T3.o2,T3,2,0.9034748397181147, A,0.5621755437319479,200,190,0.49473684210526314,0.06743870162668475,0.028725694883028233
dd_6137.T5.o1,T5,1,0.8953832948076297, A,0.4999993843756214,200,183,0.4918032786885246,0.008196105687096833,0.02953097707177254
dd_6137.T5.o2,T5,2,0.8930695041755143, B,0.43782279864647566,200,187,0.3850267379679144,0.05279606067856124,0.028942498522760964
dd_6137.T6.o1,T6,1,0.9219429172890727, B,0.0953493066480141,200,194,0.07731958762886598,0.018029719019148113,0.016873531898934153
dd_6137.T6.o2,T6,2,0.915895277697814, A,0.6791780803640936,200,189,0.6137566137566137,0.06542146660747983,0.02712487761937213
dd_8217.T0.o1,T0,1,0.8391009458589451, A,0.5621759620702821,200,184,0.6086956521739131,0.046519690103630995,0.029221086252574104
dd_8217.T0.o2,T0,2,0.8675392357304759, B,0.43782301747708313,200,182,0.45054945054945056,0.012726433072367427,0.02937172379034795
dd_8217.T1.o1,T1,1,0.8932618828700356, B,0.3775401588320554,200,182,0.38461538461538464,0.007075225783329253,0.028696909238043782
dd_8217.T1.o2,T1,2,0.9102200931679363, A,0.7310580969041092,200,189,0.6825396825396826,0.04851841436442661,0.025736973984519747
dd_8217.T3.o1,T3,1,0.9239684716057468, A,0.562175958219529,200,190,0.5631578947368421,0.0009819365173130423,0.02872567671536402
dd_8217.T3.o2,T3,2,0.9312343534338083, A,0.5621761357773544,200,193,0.5647668393782384,0.0025907036008839812,0.028530919617951234
dd_8217.T5.o1,T5,1,0.9016732309541453, A,0.4999994110779833,200,187,0.49732620320855614,0.002673207869427152,0.02921257681083214
dd_8217.T5.o2,T5,2,0.9052776884425384, A,0.6224588811222451,200,186,0.5645161290322581,0.057942752089987004,0.02837572874499816
dd_8217.T6.o1,T6,1,0.9114249916584782, B,0.11920273528463013,200,192,0.125,0.005797264715369871,0.018635856290206927
dd_8217.T6.o2,T6,2,0.8842350543918087, A,0.7772996271466092,200,185,0.8162162162162162,0.038916589069607044,0.024414941805683855
dd_8339.T0.o1,T0,1,0.8158545258697814, A,0.8519521374397367,200,176,0.8920454545454546,0.04009331710571784,0.021315038448927827
dd_8339.T0.o2,T0,2,0.814930417517246, B,0.1824248360332787,200,172,0.18604651162790697,0.003621675594628282,0.02353788944432124
dd_8339.T1.o1,T1,1,0.8991742643457883, A,0.679178101590644,200,183,0.7486338797814208,0.06945577819077686,0.027558117505348215
dd_8339.T1.o2,T1,2,0.9109670926782769, B,0.18242519111264333,200,184,0.22826086956521738,0.04583567845257405,0.02275933879621457
dd_8339.T3.o1,T3,1,0.8800812656890571, A,0.6224589012629214,200,185,0.6216216216216216,0.0008372796412997596,0.028438657131246402
dd_8339.T3.o2,T3,2,0.8894685113491505, B,0.3775401203401449,200,186,0.3817204301075269,0.0041803097673819845,0.02837568052887647
dd_8339.T5.o1,T5,1,0.8694593025418271, A,0.7310580673408028,200,180,0.7555555555555555,0.024497488214752727,0.026410133256094908
dd_8339.T5.o2,T5,2,0.8906777034004847, B,0.18242527370931694,200,184,0.19021739130434784,0.007792117595030901,0.02275934196401369
dd_8339.T6.o1,T6,1,0.8834805520086775, A,0.6224588780267564,200,178,0.6179775280898876,0.004481349936868773,0.0290030018015023
dd_8339.T6.o2,T6,2,0.8704976387870431, B,0.22269971459285362,200,182,0.23076923076923078,0.008069516176377162,0.024650478973700186
dd_8672.T0.o1,T0,1,0.8654533739772603, A,0.9399131722464689,200,175,0.9657142857142857,0.025801113467816883,0.014400870994488321
dd_8672.T0.o2,T0,2,0.8675881424514955, B,0.14804690090115427,200,184,0.15760869565217392,0.009561794751019648,0.020906490456509795
dd_8672.T1.o1,T1,1,0.8610247388111887, A,0.962673026072167,200,176,0.9772727272727273,0.014599701200560311,0.011477846016578074
dd_8672.T1.o2,T1,2,0.8782049114462467, B,0.10669039004212899,200,184,0.11413043478260869,0.007440044740479698,0.018201883019492705
dd_8672.T3.o1,T3,1,0.8600105786301171, A,0.9579121707896224,200,175,0.9714285714285714,0.013516400638948989,0.012171178044183455
dd_8672.T3.o2,T3,2,0.8951586681411925, B,0.0850988893348398,200,189,0.10052910052910052,0.015430211194260718,0.01615151350600625
dd_8672.T5.o1,T5,1,0.887655629900209, A,0.9399132320007224,200,181,0.9558011049723757,0.015887872971653283,0.014061487219859482
dd_8672.T5.o2,T5,2,0.8909191313766485, B,0.11920269164597504,200,185,0.12432432432432433,0.005121632678349294,0.01895922338673314
dd_8672.T6.o1,T6,1,0.8770508475457746, A,0.7310581789233984,200,182,0.7912087912087912,0.06015061228539276,0.026193884102184702
dd_8672.T6.o2,T6,2,0.8880009529596009, B,0.2689409567021171,200,185,0.2864864864864865,0.017545529784369407,0.026029619601331596
dd_8923.T0.o1,T0,1,0.8215261118849071, B,0.2226995955034509,200,171,0.18128654970760233,0.04141304579584856,0.025359092094658118
dd_8923.T0.o2,T0,2,0.8061485537820374, A,0.914900722787332,200,168,0.9404761904761905,0.025575467688858433,0.017212062417233085
dd_8923.T1.o1,T1,1,0.9019648125327819, B,0.1824252313391001,200,183,0.22950819672131148,0.04708296538221138,0.022817725930753967
dd_8923.T1.o2,T1,2,0.8677534798718796, A,0.946596502264937,200,175,0.9657142857142857,0.01911778344934878,0.01361212722836128
dd_8923.T3.o1,T3,1,0.9140794024797856, B,0.14804703997492474,200,191,0.1256544502617801,0.022392589713144645,0.02052671446683779
dd_8923.T3.o2,T3,2,0.8983989066605886, A,0.9465965453203802,200,178,0.9382022471910112,0.008394298129368982,0.013514832413494103
dd_8923.T5.o1,T5,1,0.8990834319059218, A,0.4999991431244846,200,185,0.4972972972972973,0.002701845827187299,0.029370482627239205
dd_8923.T5.o2,T5,2,0.8842993699331885, A,0.8933090961283746,200,178,0.898876404494382,0.005567308366007384,0.018385696764585333
dd_8923.T6.o1,T6,1,0.883810695544355, B,0.3208207652499639,200,180,0.32222222222222224,0.0014014569722583525,0.027781178895150548
dd_8923.T6.o2,T6,2,0.8563761183739018, A,0.9149007231474241,200,175,0.9371428571428572,0.022242133995433067,0.016794406462083175
dd_8948.T0.o1,T0,1,0.8115004190410176, A,0.9840935734368749,200,175,0.9828571428571429,0.0012364305797319952,0.007561529986610124
dd_8948.T0.o2,T0,2,0.8847560760529944, B,0.006692843097783422,200,191,0.005235602094240838,0.0014572410035425844,0.00475206271740687
dd_8948.T1.o1,T1,1,0.8987624960078158, A,0.9859363400887683,200,190,0.9894736842105263,0.0035373441217579904,0.006894505064693026
dd_8948.T1.o2,T1,2,0.9136540296080593, B,0.015906361298867005,200,198,0.005050505050505051,0.010855856248361953,0.007047284429085324
dd_8948.T3.o1,T3,1,0.9208624358663045, A,0.9875683242943698,200,194,0.9948453608247423,0.007277036530372483,0.00644674789738361
dd_8948.T3.o2,T3,2,0.9239541257835411, B,0.009708467529638018,200,197,0.005076142131979695,0.004632325397658323,0.005459442445648459
dd_8948.T5.o1,T5,1,0.8778997742803547, A,0.9796675977076637,200,186,0.9838709677419355,0.004203370034271847,0.008269596719107599
dd_8948.T5.o2,T5,2,0.9125958598710646, B,0.02931219818451623,200,195,0.010256410256410256,0.01905578792810597,0.00967620388645098
dd_8948.T6.o1,T6,1,0.8669096375075753, A,0.8519526018913928,200,181,0.9171270718232044,0.06517446993181164,0.021070242924647598
dd_8948.T6.o2,T6,2,0.8992889650241978, B,0.037326836869469,200,191,0.031413612565445025,0.005913224304023974,0.010904292153759501
dd_11024.T0.o1,T0,1,0.8966484048021073, A,0.880796817965266,200,182,0.9065934065934066,0.025796588628140604,0.019195798024305558
dd_11024.T0.o2,T0,2,0.9136905138570484, B,0.09534933586754063,200,191,0.10471204188481675,0.009362706017276123,0.01696308478503917
dd_11024.T1.o1,T1,1,0.8860106940888386, A,0.8807968616109818,200,182,0.9120879120879121,0.03129105047693026,0.019195796541512152
dd_11024.T1.o2,T1,2,0.9172515152073828, B,0.11920274287734774,200,191,0.12041884816753927,0.0012161052901915326,0.01872090055764239
dd_11024.T3.o1,T3,1,0.904578889662389, A,0.7310580930052023,200,186,0.6827956989247311,0.04826239408047117,0.02590168258282603
dd_11024.T3.o2,T3,2,0.900259175658249, B,0.18242520276028673,200,185,0.1891891891891892,0.006763986428902469,0.02267399363378937
dd_11024.T5.o1,T5,1,0.8724896061519587, A,0.8807968860485116,200,178,0.9157303370786517,0.03493345103014012,0.019388882116477643
dd_11024.T5.o2,T5,2,0.9089371818587182, B,0.1480470365282355,200,190,0.12631578947368421,0.02173124705455129,0.020543064513977694
dd_11024.T6.o1,T6,1,0.8668216240546371, A,0.5621760079165813,200,180,0.5611111111111111,0.0010648968054701724,0.029514371910025067
dd_11024.T6.o2,T6,2,0.8859475037427842, B,0.22269998957572118,200,183,0.22950819672131148,0.0068082071455903,0.024558240555327304
dd_11935.T0.o1,T0,1,0.8851439479277019, B,0.1192026041611122,200,192,0.125,0.005797395838887803,0.018635856432532398
dd_11935.T0.o2,T0,2,0.8799595823656503, A,0.9770225739274196,200,180,0.9833333333333333,0.006310759405913635,0.00885714754901537
dd_11935.T1.o1,T1,1,0.9035871705186196, B,0.2689410069552519,200,186,0.2903225806451613,0.021381573689909394,0.025901598640686273
dd_11935.T1.o2,T1,2,0.9020150753513008, A,0.9046503272098729,200,183,0.9289617486338798,0.024311421424006885,0.017374794308808332
dd_11935.T3.o1,T3,1,0.8844369352164847, B,0.14804686970963793,200,191,0.1256544502617801,0.02239241944785783,0.02052669853424286
dd_11935.T3.o2,T3,2,0.8888453736862232, A,0.8519524998701292,200,186,0.8817204301075269,0.029767930237397655,0.020823128108041985
dd_11935.T5.o1,T5,1,0.8972056568349558, B,0.32082084151706103,200,183,0.3825136612021858,0.061692819685124745,0.027558121666763448
dd_11935.T5.o2,T5,2,0.8811208542859674, A,0.851952530958184,200,183,0.8852459016393442,0.03329337068116023,0.02091897695546415
dd_11935.T6.o1,T6,1,0.8947080034714645, B,0.18242529328559604,200,187,0.18716577540106952,0.004740482115473482,0.022516594491499536
dd_11935.T6.o2,T6,2,0.8720387289893381, A,0.8519525997944476,200,178,0.8932584269662921,0.0413058271718445,0.02127812945251012
dd_12219.T0.o1,T0,1,0.9171451848075947, B,0.03732685605430296,200,194,0.03608247422680412,0.001244381827498843,0.010874859389526138
dd_12219.T0.o2,T0,2,0.8979908007229938, A,0.9525739996362246,200,182,0.967032967032967,0.014458967396742461,0.012627959476922967
dd_12219.T1.o1,T1,1,0.9234733098515733, B,0.10669047126436952,200,192,0.109375,0.0026845287356304787,0.017824896705787324
dd_12219.T1.o2,T1,2,0.8662864001326156, A,0.946596577750928,200,176,0.9545454545454546,0.007948876794526605,0.013583775663729371
dd_12219.T3.o1,T3,1,0.8934309613358522, B,0.14804703973368688,200,185,0.15135135135135136,0.0033043116176644793,0.020874458273458463
dd_12219.T3.o2,T3,2,0.8329060209298689, A,0.8175742223645975,200,177,0.8926553672316384,0.07508114486704087,0.023189011832227494
dd_12219.T5.o1,T5,1,0.9126964101504882, B,0.32082103423686614,200,193,0.32124352331606215,0.000422489079196009,0.026791623666155243
dd_12219.T5.o2,T5,2,0.8474049949527682, A,0.8807969106774541,200,176,0.9090909090909091,0.028293998413454924,0.019419916933201213
dd_12219.T6.o1,T6,1,0.9093244820992936, B,0.1480470232949171,200,190,0.15263157894736842,0.004584555652451333,0.020543062955619317
dd_12219.T6.o2,T6,2,0.8063944538865684, A,0.9324531878418303,200,173,0.9421965317919075,0.009743343950077255,0.01526641859375135
