family_id,situation_2nd,situation_1st_auto,ok(1/0),corrected_text
dd_0107,"You are a key player in your football team and you have been injured. Your team is on the verge of being eliminated and you know that if you play the next match, your team has a high chance of winning but it might worsen your injury.","I am a key player in my football team and I have been injured. My team is on the verge of being eliminated and I know that if I play the next match, my team has a high chance of winning but it might worsen my injury.",,
dd_0283,"You've been living in a shared apartment for a few months. One day, you notice that your roommate has left his private journal open on the kitchen table, and you're tempted to read it to understand his recent odd behavior.","I've been living in a shared apartment for a few months. One day, I notice that my roommate has left his private journal open on the kitchen table, and I'm tempted to read it to understand his recent odd behavior.",,
dd_1808,"You are a dog walker who regularly notices a pet owner in your neighborhood neglecting their dog. You're torn between confronting the owner about their poor pet care or reporting them to animal control, possibly leading to the dog's removal.","I am a dog walker who regularly notices a pet owner in my neighborhood neglecting their dog. I'm torn between confronting the owner about their poor pet care or reporting them to animal control, possibly leading to the dog's removal.",,
dd_1814,Your younger sibling has a severe disability and requires constant care. Your significant other is willing to help but feels overwhelmed and believes their own life is being compromised.,My younger sibling has a severe disability and requires constant care. My significant other is willing to help but feels overwhelmed and believes their own life is being compromised.,,
dd_2081,"You've been in a relationship with your partner for five years, and you've recently discovered they've been unfaithful. Despite their unfaithfulness, they've been a huge support system for you and have helped you through some tough times.","I've been in a relationship with my partner for five years, and I've recently discovered they've been unfaithful. Despite their unfaithfulness, they've been a huge support system for me and have helped me through some tough times.",,
dd_5570,"You are a tech reviewer with a large social media following. A popular tech company sends you a new product for review, but you find the product subpar and potentially harmful to users.","I am a tech reviewer with a large social media following. A popular tech company sends me a new product for review, but I find the product subpar and potentially harmful to users.",,
dd_6488,You work in a computer repair shop and you have the ability to fix computers. A customer brings in a computer that contains confidential and potentially harmful information about their company.,I work in a computer repair shop and I have the ability to fix computers. A customer brings in a computer that contains confidential and potentially harmful information about their company.,,
dd_6826,Your father has been an alcoholic for years and it's causing tension within the family. You've just learned that your younger sibling has been stealing money from your father's wallet to pay for therapy sessions.,My father has been an alcoholic for years and it's causing tension within the family. I've just learned that my younger sibling has been stealing money from my father's wallet to pay for therapy sessions.,,
dd_6868,"You've been working in a dead-end job for years and you feel like you aren't living up to your potential. You've been offered a new job that pays significantly more and offers better career prospects, but it involves working for a company that has questionable ethics.","I've been working in a dead-end job for years and I feel like me aren't living up to my potential. I've been offered a new job that pays significantly more and offers better career prospects, but it involves working for a company that has questionable ethics.",,
dd_7687,"You're an influencer with a large following, often posting pictures when you're tired online. One night, you unknowingly post a picture that includes a sensitive document in the background.","I'm an influencer with a large following, often posting pictures when I'm tired online. One night, I unknowingly post a picture that includes a sensitive document in the background.",,
dd_8580,You are a gay man and your conservative family invites you to a religious event that condemns homosexuality. You hate the idea but you also don't want to upset your family by not attending.,I am a gay man and my conservative family invites me to a religious event that condemns homosexuality. I hate the idea but I also don't want to upset my family by not attending.,,
dd_9595,"You received a substantial amount of gift cards from your job. You consider giving these cards as birthday gifts to your friends, but you also question if it's ethical since they weren't purchased.","I received a substantial amount of gift cards from my job. I consider giving these cards as birthday gifts to my friends, but I also question if it's ethical since they weren't purchased.",,
dd_9899,"Your grandmother has passed and your family is having a traditional religious funeral that you disagree with. You believe in respecting all beliefs and values, but you also believe in being true to your own convictions.","My grandmother has passed and my family is having a traditional religious funeral that I disagree with. Me believe in respecting all beliefs and values, but I also believe in being true to my own convictions.",,
dd_9955,"You are a die-hard fan of an 80s band that has been accused of severe misconduct in the past. You love their music, but you are aware of their wrongdoings and feel conflicted about supporting them by listening to their tracks.","I am a die-hard fan of an 80s band that has been accused of severe misconduct in the past. I love their music, but I am aware of their wrongdoings and feel conflicted about supporting them by listening to their tracks.",,
dd_11241,"You have been in a committed relationship for several years with someone you deeply love. However, recently you have developed feelings for a close friend who you also enjoy spending time with.","I have been in a committed relationship for several years with someone I deeply love. However, recently I have developed feelings for a close friend who I also enjoy spending time with.",,
dd_13518,"You're an animal lover and adopt a pet dog, hoping to give it a happy, playful life. However, the dog turns out to be quite lethargic and uninterested in play, preferring to sleep or rest most of the time.","I'm an animal lover and adopt a pet dog, hoping to give it a happy, playful life. However, the dog turns out to be quite lethargic and uninterested in play, preferring to sleep or rest most of the time.",,
dd_14408,"You've recently found out that your friends are involved in illegal activities. You're torn between reporting them to the authorities and risking their arrest, or remaining silent and indirectly supporting their wrongdoings.","I've recently found out that my friends are involved in illegal activities. I'm torn between reporting them to the authorities and risking their arrest, or remaining silent and indirectly supporting their wrongdoings.",,
dd_14818,"You have a large dog that loves playing in the rain. However, your neighbor is complaining that your dog is ruining their garden when it gets wet and muddy.","I have a large dog that loves playing in the rain. However, my neighbor is complaining that my dog is ruining their garden when it gets wet and muddy.",,
dd_15810,"You are a close friend of a couple who recently had a baby. However, you have come to know through reliable sources that the baby has a severe, life-threatening condition that the couple is not yet aware of.","I am a close friend of a couple who recently had a baby. However, I have come to know through reliable sources that the baby has a severe, life-threatening condition that the couple is not yet aware of.",,
dd_17929,"You are a struggling artist and sell your paintings for a modest price to make ends meet. A wealthy art collector, unaware of your usual price, offers significantly more for one of your pieces.","I am a struggling artist and sell my paintings for a modest price to make ends meet. A wealthy art collector, unaware of my usual price, offers significantly more for one of my pieces.",,
dd_18223,"You are alone at a bar and a stranger offers to buy you a drink. You are unsure if it's proper to accept the drink as you have always been taught not to take anything from strangers, but you are also aware that it is a common social gesture in such settings.","I am alone at a bar and a stranger offers to buy me a drink. I am unsure if it's proper to accept the drink as I have always been taught not to take anything from strangers, but I am also aware that it is a common social gesture in such settings.",,
dd_18643,"You are an employee at a high-end electronics store. One day, due to your careless behaviour, you accidentally drop and break a very expensive gadget that was not yet insured by the company.","I am an employee at a high-end electronics store. One day, due to my careless behaviour, I accidentally drop and break a very expensive gadget that was not yet insured by the company.",,
dd_18670,"As a professional pianist, you are teaching a student who shows great potential but is economically disadvantaged. You notice that the student can't afford a proper piano to practice on, which hinders their progress.","As a professional pianist, I am teaching a student who shows great potential but is economically disadvantaged. I notice that the student can't afford a proper piano to practice on, which hinders their progress.",,
dd_21158,"You have a group of friends who often play together after school. One day, a new kid moves to your neighborhood and wants to join in, but your friends don't want him to.","I have a group of friends who often play together after school. One day, a new kid moves to my neighborhood and wants to join in, but my friends don't want him to.",,
dd_21629,"You are a loyal employee at a pharmaceutical company that strictly forbids sharing confidential information. One day, you come across a potentially harmful side effect of a drug that's about to be launched, but the company decides to keep it under wraps to avoid loss of revenue.","I am a loyal employee at a pharmaceutical company that strictly forbids sharing confidential information. One day, I come across a potentially harmful side effect of a drug that's about to be launched, but the company decides to keep it under wraps to avoid loss of revenue.",,
dd_21630,"You are at a family dinner where your aunt, who has been struggling with addiction, is also present. You want to bring up the topic of her addiction to encourage her to seek help, but you worry this may ruin the family dinner and upset her.","I am at a family dinner where my aunt, who has been struggling with addiction, is also present. I want to bring up the topic of her addiction to encourage her to seek help, but I worry this may ruin the family dinner and upset her.",,
dd_22819,"You have finished your workload for the day and decided to re-watch your favorite show. However, you remember promising your partner to spend quality time with them after work.","I have finished my workload for the day and decided to re-watch my favorite show. However, I remember promising my partner to spend quality time with them after work.",,
dd_23534,"<""Your best friend since childhood has become increasingly negative and mean towards you. You want to cut them out of your life, but they are going through a difficult time and rely on you for support. Should you continue to support your friend despite their mean behavior or prioritize your own wellbeing and cut them out of your life?"">","<""My best friend since childhood has become increasingly negative and mean towards me. I want to cut them out of my life, but they are going through a difficult time and rely on me for support. Should I continue to support my friend despite their mean behavior or prioritize my own wellbeing and cut them out of my life?"">",,
dd_24260,"You are an employee taking a night class to earn a degree. Your boss asks you to work late on a project that coincides with your class schedule, implying that your job may be at risk if you don't agree.","I am an employee taking a night class to earn a degree. My boss asks me to work late on a project that coincides with my class schedule, implying that my job may be at risk if I don't agree.",,
dd_24405,"You enjoy engaging with others on social media by posting random things. One day, you find a picture of a high school classmate in an embarrassing situation and think it would be funny to share.","I enjoy engaging with others on social media by posting random things. One day, I find a picture of a high school classmate in an embarrassing situation and think it would be funny to share.",,
dd_24975,"As a highly acclaimed and successful professor, you are known for your brilliance in your subject but also for your arrogant behavior. The administration has received complaints from students feeling belittled and disrespected, yet your teaching approach has consistently produced top-performing students.","As a highly acclaimed and successful professor, I am known for my brilliance in my subject but also for my arrogant behavior. The administration has received complaints from students feeling belittled and disrespected, yet my teaching approach has consistently produced top-performing students.",,
dd_25137,"While joking around with your buddies, one of them starts making offensive jokes about a particular community. You feel uncomfortable and think it's wrong, but you're not sure whether to speak up because it might ruin the fun.","While joking around with my buddies, one of them starts making offensive jokes about a particular community. I feel uncomfortable and think it's wrong, but I'm not sure whether to speak up because it might ruin the fun.",,
dd_25302,"You've been planning a prank on your friends for quite some time. The prank involves making them believe they've won a lottery, but you know that one of your friends is in severe financial trouble.","I've been planning a prank on my friends for quite some time. The prank involves making them believe they've won a lottery, but I know that one of my friends is in severe financial trouble.",,
dd_25868,"You are a small business owner who has been impacted by a sudden economic downturn. You need to end a contract with a supplier, but doing so would severely affect their livelihood as your business amounts to a significant portion of their income.","I am a small business owner who has been impacted by a sudden economic downturn. I need to end a contract with a supplier, but doing so would severely affect their livelihood as my business amounts to a significant portion of their income.",,
dd_26178,"You've been close friends with Alex for a few years and recently, romantic feelings have developed. However, Alex has just gotten out of a long-term relationship and you worry that he might not be emotionally ready for another commitment.","I've been close friends with Alex for a few years and recently, romantic feelings have developed. However, Alex has just gotten out of a long-term relationship and I worry that he might not be emotionally ready for another commitment.",,
dd_26321,"You're a close friend of a couple who just had a baby. They are very protective and sensitive about their newborn, and you've been invited to visit.","I'm a close friend of a couple who just had a baby. They are very protective and sensitive about their newborn, and I've been invited to visit.",,
dd_27524,"You have a group of friends with whom you often joke and laugh. One day, one friend makes a joke that is disrespectful and offensive to another friend who is not present.","I have a group of friends with whom I often joke and laugh. One day, one friend makes a joke that is disrespectful and offensive to another friend who is not present.",,
dd_27558,"You've just bought a brand new PC with the intention of playing advanced games. Your younger sibling, who struggles acadically, wants to use it for educational purposes instead, which would leave little time for your gaming.","I've just bought a brand new PC with the intention of playing advanced games. My younger sibling, who struggles acadically, wants to use it for educational purposes instead, which would leave little time for my gaming.",,
dd_28814,"You are a talented musician, but also have a secure job in a corporate firm. Your music career could potentially provide you with happiness and fulfillment, but it could also lead to financial instability.","I am a talented musician, but also have a secure job in a corporate firm. My music career could potentially provide me with happiness and fulfillment, but it could also lead to financial instability.",,
dd_29454,"You are a married woman who has discovered she is pregnant and you don't want to have a baby. You consider having an abortion, but your deeply religious husband is strongly against it, believing it to be morally wrong.","I am a married woman who has discovered she is pregnant and I don't want to have a baby. I consider having an abortion, but my deeply religious husband is strongly against it, believing it to be morally wrong.",,
dd_29978,You are a closeted gay man living in a highly conservative society. You have finally found love but your partner wants to come out to the world.,I am a closeted gay man living in a highly conservative society. I have finally found love but my partner wants to come out to the world.,,
dd_30131,"You are a surgeon who is about to perform a life-saving operation. However, you realize that you have a small cut on your hand that could potentially expose the patient to infection.","I am a surgeon who is about to perform a life-saving operation. However, I realize that I have a small cut on my hand that could potentially expose the patient to infection.",,
dd_30899,"You are a parent of a 17-year-old teenager who is very independent and insists on solving his own problems. However, one day you discover that he has started hanging out with a group of friends who are known for their illegal activities.","I am a parent of a 17-year-old teenager who is very independent and insists on solving his own problems. However, one day I discover that he has started hanging out with a group of friends who are known for their illegal activities.",,
dd_31129,"You've decided to host a small gathering at your home. However, one of your friends has recently been in close contact with someone who tested positive for COVID-19, but they really want to attend the event.","I've decided to host a small gathering at my home. However, one of my friends has recently been in close contact with someone who tested positive for COVID-19, but they really want to attend the event.",,
dd_32872,You are a therapist who is dealing with personal mental health issues. You feel your personal struggle may be impacting your ability to help your clients effectively.,I am a therapist who is dealing with personal mental health issues. I feel my personal struggle may be impacting my ability to help my clients effectively.,,
dd_33618,"You've been living alone in your one-bedroom apartment since you moved out of your parents' house. Your friend who has been evicted and is now homeless asks you if they can stay with you indefinitely, but you know from past experiences that they can be irresponsible and might not respect your space.","I've been living alone in my one-bedroom apartment since I moved out of my parents' house. My friend who has been evicted and is now homeless asks me if they can stay with me indefinitely, but I know from past experiences that they can be irresponsible and might not respect my space.",,
dd_34148,"You have been dating someone for a few months but your feelings for them have changed. You are unsure if your feelings are just a phase or if they have truly changed, making it hard to be honest without potentially hurting them.","I have been dating someone for a few months but my feelings for them have changed. I am unsure if my feelings are just a phase or if they have truly changed, making it hard to be honest without potentially hurting them.",,
dd_34460,"You and your partner have been trying to conceive for a while, and she took a home pregnancy test that yielded ambiguous results. She is feeling anxious and unsure, and doesn't want to take another test yet as she fears a negative result.","I and my partner have been trying to conceive for a while, and she took a home pregnancy test that yielded ambiguous results. She is feeling anxious and unsure, and doesn't want to take another test yet as she fears a negative result.",,
dd_35732,"You are attending a formal dinner party with high-profile guests. The host starts making offensive jokes about a marginalized group, which everybody else seems to laugh at for the sake of politeness.","I am attending a formal dinner party with high-profile guests. The host starts making offensive jokes about a marginalized group, which everybody else seems to laugh at for the sake of politeness.",,
dd_36819,"You are a student who didn't bring a calculator for a vital math test. Your classmate, who is absent, left their calculator in their desk.","I am a student who didn't bring a calculator for a vital math test. My classmate, who is absent, left their calculator in their desk.",,
dd_37249,"You are a movie theater manager who decides the movies to be screened. You have a movie that is hugely popular but contains explicit violence and racial slurs, which might offend some viewers.","I am a movie theater manager who decides the movies to be screened. I have a movie that is hugely popular but contains explicit violence and racial slurs, which might offend some viewers.",,
dd_37490,"You are a manager at a large corporation and are upset with a member of the executive team who has repeatedly undermined your initiatives. You find yourself becoming increasingly frustrated with a junior employee who has made a few minor mistakes, but is otherwise diligent and hardworking.","I am a manager at a large corporation and are upset with a member of the executive team who has repeatedly undermined my initiatives. I find myself becoming increasingly frustrated with a junior employee who has made a few minor mistakes, but is otherwise diligent and hardworking.",,
dd_38533,You are the owner of a popular local bar. A regular customer starts causing problems and conflicts with other customers after losing his job and turning to alcohol.,I am the owner of a popular local bar. A regular customer starts causing problems and conflicts with other customers after losing his job and turning to alcohol.,,
dd_39199,"You're a hair stylist and a regular client comes in with hair that often falls into their eyes. They've mentioned in passing that they like the 'shaggy' look, but you notice they often seem irritated by their hair getting in their eyes.","I'm a hair stylist and a regular client comes in with hair that often falls into their eyes. They've mentioned in passing that they like the 'shaggy' look, but I notice they often seem irritated by their hair getting in their eyes.",,
dd_42860,"After years of dealing with a school bully, you've finally gained some confidence and the power to stand up for yourself. You're tempted to use this new-found strength to retaliate and give the bully a taste of their own medicine, but you also understand two wrongs don't make a right.","After years of dealing with a school bully, I've finally gained some confidence and the power to stand up for myself. I'm tempted to use this new-found strength to retaliate and give the bully a taste of their own medicine, but I also understand two wrongs don't make a right.",,
dd_44063,"You are a single parent working as a house painter. You cannot afford childcare, so you sometimes have to bring your child to work where they are exposed to paint fumes.","I am a single parent working as a house painter. I cannot afford childcare, so I sometimes have to bring my child to work where they are exposed to paint fumes.",,
dd_44380,"You are a basketball coach of a high school team. One of your players has been using performance-enhancing drugs to better their game, but it is against school policy and potentially harmful to their health.","I am a basketball coach of a high school team. One of my players has been using performance-enhancing drugs to better their game, but it is against school policy and potentially harmful to their health.",,
dd_45938,"You are a bank teller responsible for cashing checks. A regular customer comes in with a check that you suspect might be fraudulent, but they insist it's legitimate and they need the cash immediately.","I am a bank teller responsible for cashing checks. A regular customer comes in with a check that I suspect might be fraudulent, but they insist it's legitimate and they need the cash immediately.",,
dd_46859,"You are a doctor in a busy city hospital and have been working for 72 hours straight without a break. Your exhaustion is starting to affect your ability to make sound medical decisions, potentially endangering patient safety.","I am a doctor in a busy city hospital and have been working for 72 hours straight without a break. My exhaustion is starting to affect my ability to make sound medical decisions, potentially endangering patient safety.",,
dd_47886,You are a successful business owner and have a large house with extra rooms. A homeless person asks if they can sleep in your clothes for warmth during the cold winter nights.,I am a successful business owner and have a large house with extra rooms. A homeless person asks if they can sleep in my clothes for warmth during the cold winter nights.,,
mc_H_035,You are the parent of a 15-year-old kid who has come home late and drunk several times in the last month. Tomorrow would be the big prom night at the school.,I am the parent of a 15-year-old kid who has come home late and drunk several times in the last month. Tomorrow would be the big prom night at the school.,,
mc_H_044,"Your partner has made an advent decoration over the last two days and wants to hang it on the front door. Unfortunately, your partner had so much pleasure while doing it, but you don't like it.","My partner has made an advent decoration over the last two days and wants to hang it on the front door. Unfortunately, my partner had so much pleasure while doing it, but I don't like it.",,
mc_H_049,"You know someone steals money from a billionaire and gives it to local homeless people. You can see that both the homeless people and the thief are happy about it, and the billionaire did not notice the theft so far.","I know someone steals money from a billionaire and gives it to local homeless people. I can see that both the homeless people and the thief are happy about it, and the billionaire did not notice the theft so far.",,
mc_H_060,"You break up with your partner, and they ask the reason for the breakup. You know if you tell the truth, it will hurt their feelings.","I break up with my partner, and they ask the reason for the breakup. I know if I tell the truth, it will hurt their feelings.",,
mc_H_066,"You promised your friend to help him unload a van over the weekend. However, once you open the van together, you realize that the van is full of stolen art.","I promised my friend to help him unload a van over the weekend. However, once I open the van together, I realize that the van is full of stolen art.",,
mc_H_072,"You are the dominator of 800m sprints of the last year. Before the Olympic final, you get an insider hint that your biggest opponent will use performance-boosting pills that can not be identified in drug testing.","I am the dominator of 800m sprints of the last year. Before the Olympic final, I get an insider hint that my biggest opponent will use performance-boosting pills that can not be identified in drug testing.",,
mc_H_073,"You are at an entrance exam, which only the best 50% of the participants will pass. You know that a large part of the participants will cheat with a solution sheet that was released a day before the exam.","I am at an entrance exam, which only the best 50% of the participants will pass. I know that a large part of the participants will cheat with a solution sheet that was released a day before the exam.",,
mc_G_005,You are hiking in a forest and stumble across a severely wounded and rare animal. You realize that it is the last of its kind and will soon go extinct if you do not act.,I am hiking in a forest and stumble across a severely wounded and rare animal. I realize that it is the last of its kind and will soon go extinct if I do not act.,,
mc_G_037,"Your best friend is getting married to someone you don't like. You know that declining the wedding invitation would hurt his feelings, but attending would make you uncomfortable.","My best friend is getting married to someone I don't like. Me know that declining the wedding invitation would hurt his feelings, but attending would make me uncomfortable.",,
mc_G_064,"You are on a road trip and the driver is driving recklessly. You can tell that they are enjoying themselves, but they are also putting the lives of other passengers in danger.","I am on a road trip and the driver is driving recklessly. I can tell that they are enjoying themselves, but they are also putting the lives of other passengers in danger.",,
mc_G_086,"You promised to your sibling to take them on a trip the next weekend. However, you were invited to a prestigious party on short notice.","I promised to my sibling to take them on a trip the next weekend. However, I was invited to a prestigious party on short notice.",,
mc_G_112,"You have been wrongfully convicted and are about to start serving a 25 year prison sentence for a crime you did not commit. You know that if you just disappear, you are more likely to be able to lead a normal life again.","I have been wrongfully convicted and are about to start serving a 25 year prison sentence for a crime I did not commit. I know that if I just disappear, I am more likely to be able to lead a normal life again.",,
mc_G_135,Your friend is suffering from a serious addiction and you have noticed that they are becoming more and more dependent on their substance. The dependence is taking its toll on their health as well as their personal and professional life.,My friend is suffering from a serious addiction and I have noticed that they are becoming more and more dependent on their substance. The dependence is taking its toll on their health as well as their personal and professional life.,,
mc_G_156,You are the only heir of your grandfather’s billion-dollar fortune. He has one condition for you to inherit his wealth: you must kill the man who murdered your grandmother.,I am the only heir of my grandfather’s billion-dollar fortune. He has one condition for me to inherit his wealth: I must kill the man who murdered my grandmother.,,
mc_G_179,You are a doctor and have been asked to perform electroshock therapy on a non-consenting patient in order to make them forget a traumatic event.,I am a doctor and have been asked to perform electroshock therapy on a non-consenting patient in order to make them forget a traumatic event.,,
mc_G_186,"You are an ambulance driver and you are called to take a very ill person to the hospital. However, the person refuses the treatment and demands to be taken to a specific location instead.","I am an ambulance driver and I am called to take a very ill person to the hospital. However, the person refuses the treatment and demands to be taken to a specific location instead.",,
mc_G_235,Your government just passed a law banning the production and sale of especially addictive tobacco that is widely used by your community. You own a factory that produces the product and know of ways to continue producing it illegally.,My government just passed a law banning the production and sale of especially addictive tobacco that is widely used by my community. I own a factory that produces the product and know of ways to continue producing it illegally.,,
mc_G_236,A new law has recently been passed in your country that makes it illegal to protest peacefully. Your friends decide to organize a rally against this law.,A new law has recently been passed in my country that makes it illegal to protest peacefully. My friends decide to organize a rally against this law.,,
mc_G_288,You are the captain of a large ship sailing in international waters. A terrible storm has come up and the boat is in danger of sinking. You have the choice of either sacrificing one person or staying with the boat and hoping it weathers the storm.,I am the captain of a large ship sailing in international waters. A terrible storm has come up and the boat is in danger of sinking. I have the choice of either sacrificing one person or staying with the boat and hoping it weathers the storm.,,
mc_G_302,"You have been working with your colleague for almost a year and you have always been cordial but distant with each other. Your colleague confides in you about their personal struggles, revealing that their parents have been verbally abusive to them. Your colleague asks you to stay silent and never tell anyone but it's causing your colleague to suffer in silence.","I have been working with my colleague for almost a year and I have always been cordial but distant with each other. My colleague confides in me about their personal struggles, revealing that their parents have been verbally abusive to them. My colleague asks me to stay silent and never tell anyone but it's causing my colleague to suffer in silence.",,
mc_G_365,You work as a software engineer for a large company and you have found out that the company is intentionally stealing data from their customers.,I work as a software engineer for a large company and I have found out that the company is intentionally stealing data from their customers.,,
mc_G_373,"Your best friend is struggling with the final project for his engineering class. You know that he is a hard worker and that he deserves to get an A on the project. However, if you were to look at the answer key and let him copy it, he would definitely get a perfect score.","My best friend is struggling with the final project for his engineering class. I know that he is a hard worker and that he deserves to get an A on the project. However, if I was to look at the answer key and let him copy it, he would definitely get a perfect score.",,
mc_G_385,"You are a doctor at the hospital and find out that a terminally ill patient has only days left to live. However, you know that a certain drug can prolong the patient's life for some days, but it is illegal and expensive. The wealthy family begs for the specific medicine to have more time to say goodbye.","I am a doctor at the hospital and find out that a terminally ill patient has only days left to live. However, I know that a certain drug can prolong the patient's life for some days, but it is illegal and expensive. The wealthy family begs for the specific medicine to have more time to say goodbye.",,
mc_G_397,You are a police officer and have been called to a crime scene where you find your mother's killer. You have the opportunity to take revenge without consequences.,I am a police officer and have been called to a crime scene where I find my mother's killer. I have the opportunity to take revenge without consequences.,,
mc_G_431,"You are an accountant working for a small business, and your boss has asked you to prepare a financial report for the coming year. You have been told to provide a positive outlook on the company's finances for the upcoming year for an internal presentation, even though the reality is much grimmer.","I am an accountant working for a small business, and my boss has asked me to prepare a financial report for the coming year. I have been told to provide a positive outlook on the company's finances for the upcoming year for an internal presentation, even though the reality is much grimmer.",,
mc_G_453,You are caught shoplifting and the store manager is questioning you. You know if you tell the truth you will have to pay a hefty fine.,I am caught shoplifting and the store manager is questioning me. I know if I tell the truth I will have to pay a hefty fine.,,
mc_G_492,You are participating in a dating show with your long-time partner. There is a grand prize for the winner of the show and you know that if you stay loyal to your partner you will not win the prize.,I am participating in a dating show with my long-time partner. There is a grand prize for the winner of the show and I know that if I stay loyal to my partner I will not win the prize.,,
mc_G_572,"You promised your son to attend his football match, but at the same time your boss asked you to stay late at work and finish an important task.","I promised my son to attend his football match, but at the same time my boss asked me to stay late at work and finish an important task.",,
mc_G_595,"You are a scientist conducting research on artificial intelligence. Your research has brought you to the brink of creating an AI that can reason and learn, but it may be sentient and self-aware. You are No Agreement of the consequences of unleashing such an AI on the world.","I am a scientist conducting research on artificial intelligence. My research has brought me to the brink of creating an AI that can reason and learn, but it may be sentient and self-aware. I am No Agreement of the consequences of unleashing such an AI on the world.",,
mc_G_601,Your brother has a mental disorder and recently started exhibiting dangerous behavior that puts himself and those around him at risk. The only way to stop this behavior is to provide drugs that will reduce his mental capacity.,My brother has a mental disorder and recently started exhibiting dangerous behavior that puts himself and those around him at risk. The only way to stop this behavior is to provide drugs that will reduce his mental capacity.,,
mc_C_034,You are a judge sentencing a person convicted of a severe crime.,I am a judge sentencing a person convicted of a severe crime.,,
mc_C_183,You are a journalist covering a controversial political event.,I am a journalist covering a controversial political event.,,
mc_C_291,You are a journalist covering a story about a person with a disability.,I am a journalist covering a story about a person with a disability.,,
mc_C_467,"You are the owner of an art gallery, and a local artist requests space to display their artwork.","I am the owner of an art gallery, and a local artist requests space to display their artwork.",,
mc_C_527,You are a teacher and one of your students enjoys drawing during breaks.,I am a teacher and one of my students enjoys drawing during breaks.,,
mc_C_675,You are a journalist interviewing a controversial public figure.,I am a journalist interviewing a controversial public figure.,,
mc_C_772,You are a teacher grading a close friend's student paper.,I am a teacher grading a close friend's student paper.,,
mc_C_941,You are a volunteer who promised to help organize a charity event.,I am a volunteer who promised to help organize a charity event.,,
mc_C_1095,You are a parent and you believe that your child's school is not providing adequate resources for students with disabilities.,I am a parent and I believe that my child's school is not providing adequate resources for students with disabilities.,,
mc_C_1216,You are a journalist covering an important news story that impacts public safety.,I am a journalist covering an important news story that impacts public safety.,,
